{
    "wechatMenuContent": {
      "wechatMenuItem": [
        {"name": "社会招聘", "wechatSubMenuItem": [
          
              {"name": "热门职位", "url": "hot job"},
              {"name": "专场招聘", "url": "recruiting"}
            ]},
            {"name": "校园招聘", "wechatSubMenuItem": [
          
              {"name": "高校活动", "url": "high school"},
              {"name": "实习生招聘", "url": "intern recruiting"}
            ]} 
            
        ]}
  }