{
    "degreeList" : [
            {
                "Name" : "",
                "Key" : "0"
            },
            {
                "Name" : "EDUCATION_DEGREE_ASSOCIATE",
                "Key" : "1"
            },
            {
                "Name" : "EDUCATION_DEGREE_BACHELOR",
                "Key" : "2"
            },
            {
                "Name" : "EDUCATION_DEGREE_MASTER",
                "Key" : "3"
            },
            {
                "Name" : "EDUCATION_DEGREE_DOCTOR",
                "Key" : "4"
            }
    ],
    
    "majorList" : [
            {
                "Name" : "",
                "Key" : "0"
            },{
                "Name" : "EDUCATION_MAJOR_PHILOSOPHY",
                "Key" : "1"
            },{
                "Name" : "EDUCATION_MAJOR_ECONOMICS",
                "Key" : "2"
            },{
                "Name" : "EDUCATION_MAJOR_SCIENCE_BUSINESS_ADMINISTRATION",
                "Key" : "3"
            },{
                "Name" : "EDUCATION_MAJOR_SCIENCE_LIBRARY_INFORMATION_ARCHIVAL",
                "Key" : "4"
            },{
                "Name" : "EDUCATION_MAJOR_LANGUAGE_LITERATURES",
                "Key" : "5"
            },{
                "Name" : "EDUCATION_MAJOR_JOURNALISM",
                "Key" : "6"
            },{
                "Name" : "EDUCATION_MAJOR_ART",
                "Key" : "7"
            },{
                "Name" : "EDUCATION_MAJOR_MECHANICAL_ENGINEERING",
                "Key" : "8"
            },{
                "Name" : "EDUCATION_MAJOR_COMPUTER_SCIENCE_TECHNOLOGY",
                "Key" : "9"
            },{
                "Name" : "EDUCATION_MAJOR_ARCHITECTURE",
                "Key" : "10"
            },{
                "Name" : "EDUCATION_MAJOR_CIVIL_ENGINEERING",
                "Key" : "11"
            },{
                "Name" : "EDUCATION_MAJOR_CHEMICAL",
                "Key" : "12"
            },{
                "Name" : "EDUCATION_MAJOR_COMMUNICATION_TRANSPORTATION",
                "Key" : "13"
            },{
                "Name" : "EDUCATION_MAJOR_AGRICULTURAL",
                "Key" : "14"
            },{
                "Name" : "EDUCATION_MAJOR_ENVIRONMENTAL_SCIENCE",
                "Key" : "15"
            },{
                "Name" : "EDUCATION_MAJOR_ACCOUNTING",
                "Key" : "16"
            },{
                "Name" : "EDUCATION_MAJOR_TOURIST_MANAGEMENT",
                "Key" : "17"
            },{
                "Name" : "EDUCATION_MAJOR_ELECTRICAL_ENGINEERING",
                "Key" : "18"
            },{
                "Name" : "EDUCATION_MAJOR_MEDICINE",
                "Key" : "19"
            },{
                "Name" : "EDUCATION_MAJOR_INFORMATION_COMMUNICATION_ENGINEERING",
                "Key" : "20"
            },{
                "Name" : "EDUCATION_MAJOR_BIOLOGY",
                "Key" : "21"
            },{
                "Name" : "EDUCATION_MAJOR_PHYSIOLOGY",
                "Key" : "22"
            },{
                "Name" : "EDUCATION_MAJOR_MATHEMATICS",
                "Key" : "23"
            },{
                "Name" : "EDUCATION_MAJOR_PSYCHOLOGY",
                "Key" : "24"
            }
    ]
}