{
	"interviewInfo": [{
	  "id":"1",
		"company_name": "SAP",
		"job_title": "Programming Cheerleader",
		"interviewer_name": "William Wang",
		"interview_time": "2016-03-02 17:00",
		"interview_result": "Not Start"
	},
	  {
	   "id":"2",
		"company_name": "SAP",
		"job_title": "Java Developer",
		"interviewer_name": "Ryan Huang",
		"interview_time": "2016-03-08 13:00",
		"interview_result": "Not Start"
	}],
	"interviewInfoC": [{
	  "id":"1",
		"company_name": "SAP",
		"job_title": "Senior Service Sales",
		"interviewer_name": "Richard Zhang",
		"interview_time": "2016-03-02 17:00",
		"interview_result": "Not Start"
	},
	  {
	   "id":"2",
		"company_name": "SAP",
		"job_title": "Senior Service Sales",
		"interviewer_name": "Richard Zhang",
		"interview_time": "2016-03-08 13:00",
		"interview_result": "Not Start"
	}]
}