{
    "languages" : [
            {
                "Name" : "",
                "Key" : ""
            },
            {
                "Name" : "LANGUAGE_NAME_ENGLISH",
                "Key" : "ENGLISH"
            },
            {
                "Name" : "LANGUAGE_NAME_JAPANESE",
                "Key" : "JAPANESE"
            },
            {
                "Name" : "LANGUAGE_NAME_KOREAN",
                "Key" : "KOREAN"
            },
            {
                "Name" : "LANGUAGE_NAME_GERMAN",
                "Key" : "GERMAN"
            },
            {
                "Name" : "LANGUAGE_NAME_FRENCH",
                "Key" : "FRENCH"
            },
            {
                "Name" : "LANGUAGE_NAME_ARABIC",
                "Key" : "ARABIC"
            },
            {
                "Name" : "LANGUAGE_NAME_RUSSIAN",
                "Key" : "RUSSIAN"
            },
            {
                "Name" : "LANGUAGE_NAME_SPANISH",
                "Key" : "SPANISH"
            },
            {
                "Name" : "LANGUAGE_NAME_PORTUGUESE",
                "Key" : "PORTUGUESE"
            },
            {
                "Name" : "LANGUAGE_NAME_ITALIAN",
                "Key" : "ITALIAN"
            }
    ],
    
    "fluency" : [
            {
                "Name" : "",
                "Key" : ""
            },
            {
                "Name" : "LANGUAGE_FLUENCY_BEGINNER",
                "Key" : "1"
            },
            {
                "Name" : "LANGUAGE_FLUENCY_INTERMEDIATE",
                "Key" : "2"
            },
            {
                "Name" : "LANGUAGE_FLUENCY_FLUENT",
                "Key" : "3"
            }
    ]
}