{
	"salaryRangeList" : [
			{
				"Name" : "0-5000",
				"Key"  : 1
			},
			{
				"Name" : "5000-8000",
				"Key"  : 2
			},
			{
				"Name" : "8000-10000",
				"Key"  : 3
			},
			{
				"Name" : "10000-15000",
				"Key"  : 4
			},
			{
				"Name" : "15000-20000",
				"Key"  : 5
			},
			{
				"Name" : "20000+",
				"Key"  : 6
			}
			 ],
	"careerStatusList" : [
			{
				"Name" : "INTERN",
				"Key"  : "INTERN"
			},
			{
				"Name" : "GRADUATE",
				"Key"  : "GRADUATE"
			},
			{
				"Name" : "PROFESSIONAL",
				"Key"  : "PROFESSIONAL"
			}],
	"employTypeList" : [
			{
				"Name" : "FULL_TIME",
				"Key"  : "FULL_TIME"
			},
			{
				"Name" : "PART_TIME",
				"Key"  : "PART_TIME"
			}
			],
	"cityList" : [
			{
				"Name" : "BEIJING",
				"Key"  : "BEIJING"
			},  
			{
				"Name" : "CHONGQING",
				"Key"  : "CHONGQING"
			},  
			{
				"Name" : "CHANGCHUN",
				"Key"  : "CHANGCHUN"
			},  
			{
				"Name" : "CHANGSHA",
				"Key"  : "CHANGSHA"
			},
			{
				"Name" : "CHANGZHOU",
				"Key"  : "CHANGZHOU"
			},
			{
				"Name" : "SHANGHAI",
				"Key"  : "SHANGHAI"
			},
			{
				"Name" : "TIANJIN",
				"Key"  : "TIANJIN"
			},
			{
				"Name" : "CHENGDU",
				"Key"  : "CHENGDU"
			},
			{
				"Name" : "DALIAN",
				"Key"  : "DALIAN"
			},
			{
				"Name" : "DONGGUAN",
				"Key"  : "DONGGUAN"
			}, 
			{
				"Name" : "FOSHAN",
				"Key"  : "FOSHAN"
			}, 
			{
				"Name" : "FUZHOU",
				"Key"  : "FUZHOU"
			},
			{
				"Name" : "GUANGZHOU",
				"Key"  : "GUANGZHOU"
			}, 
			{	
				"Name" : "GUIYANG",
				"Key"  : "GUIYANG"
			},   
			{
				"Name" : "HAERBIN",
				"Key"  : "HAERBIN"
			}, 
			{	
				"Name" : "HAIKOU",
				"Key"  : "HAIKOU"
			},  
			{	
				"Name" : "HANGZHOU",
				"Key"  : "HANGZHOU"
			}, 
			{
				"Name" : "HEFEI",
				"Key"  : "HEFEI"
			}, 
			{
				"Name" : "JILIN",
				"Key"  : "JILIN"
			},  
			{
				"Name" : "JINAN",
				"Key"  : "JINAN"
			}, 
			{
				"Name" : "KUNMING",
				"Key" :  "KUNMING"
			},  
			{
				"Name" : "LANZHOU",
				"Key"  : "LANZHOU"
			},
			{
				"Name" : "LUOYANG",
				"Key"  : "LUOYANG"
			},  
			{
				"Name" : "NANCHANG",
				"Key"  : "NANCHANG"
			},     	
			{
				"Name" : "NANJING",
				"Key"  : "NANJING"
			},  
			{
				"Name" : "NANNING",
				"Key"  : "NANNING"
			},
			{
				"Name" : "NANTONG",
				"Key"  : "NANTONG"
			},  
			{
				"Name" : "NINGBO",
				"Key"  : "NINGBO"
			},
			{
				"Name" : "QINGDAO",
				"Key"  : "QINGDAO"
			},      
			{
				"Name" : "SHENYANG",
				"Key"  : "SHENYANG"
			},
			{
				"Name" : "SHENZHEN",
				"Key"  : "SHENZHEN"
			},  	
			{
				"Name" : "SHIJIAZHUANG",
				"Key"  : "SHIJIAZHUANG"
			},
			{
				"Name" : "SUZHOU",
				"Key"  : "SUZHOU"
			},  
			{
				"Name" : "TANGSHAN",
				"Key"  : "TANGSHAN"
			},
			{
				"Name" : "WEIFANG",
				"Key"  : "WEIFANG"
			},
			{
				"Name" : "WUHAN",
				"Key"  : "WUHAN"
			},       	
			{
				"Name" : "WUXI",
				"Key"  : "WUXI"
			},
			{
				"Name" : "XIAMEN",
				"Key"  : "XIAMEN"
			},  
			{
				"Name" : "XIAN",
				"Key"  : "XIAN"
			},   	
			{
				"Name" : "XUCHANG",
				"Key"  : "XUCHANG"
			},  			
			{
				"Name" : "XUZHOU",
				"Key"  : "XUZHOU"
			}, 		
			{
				"Name" : "YANGZHOU",
				"Key"  : "YANGZHOU"
			},  				
			{
				"Name" : "ZHENGZHOU",
				"Key"  : "ZHENGZHOU"
			},  
			{
				"Name" : "ZHONGSHAN",
				"Key"  : "ZHONGSHAN"
			}
			]
}