{
	"jobs" : [
			{
				"title" : "[热招]用户运营管理",
				"subTitle" : "sap移动招聘",
				"location" : "上海",
				"salary" : "5k-10k",
				"time" : "2015-08-27",
				"seen" : "183看过",
				"jobRequire" : [ {
					"from" : "学历要求：",
					"to" : "大专"
				}, {
					"from" : "工作经历：",
					"to" : "3年以上"
				} ],
				"detail" : [ {
					"from" : "1.与众多优秀人才一起开拓全球市场"
				}, {
					"from" : "2.以人为本,与公司共创美好未来"
				}, {
					"from" : "3.为您量身定制适合的职业规划"
				}, {
					"from" : "4.马上升职加薪,当上CEO,迎娶白富美,走上人生巅峰"
				} ],
				"requirements" : [ {
					"from" : "1.家里科技股份多了刚"
				}, {
					"from" : "2.数据库地方及时反馈了就是了"
				}, {
					"from" : "3.就离开封疆大吏会计分录打开"
				}, {
					"from" : "4.打击死了卡估计反对方的手"
				} ],
				"salaryWelfare" : [ {
					"from" : "五险一金，带薪年假"
				} ],
				"jobCharacteristics" : [ {
					"from" : "最靠谱的公司需要靠谱的你"
				} ]
			},
			{
				"title" : "[热招]用户运营管理1",
				"subTitle" : "sap移动招聘1",
				"location" : "上海1",
				"salary" : "5k-10k1",
				"time" : "2015-08-271",
				"seen" : "183看过1",
				"jobRequire" : [ {
					"from" : "学历要求：",
					"to" : "大专1"
				}, {
					"from" : "工作经历：",
					"to" : "3年以上1"
				} ],
				"detail" : [ {
					"from" : "1.的萨芬撒地方十大范德萨发大水1"
				}, {
					"from" : "2.的萨芬的萨芬的德萨高等师范打撒1"
				}, {
					"from" : "3.的萨芬打撒发的撒饭但是看后来开始1"
				}, {
					"from" : "4.点发红I回家了看打户的水利科技1"
				} ],
				"requirements" : [ {
					"from" : "1.家里科技股份多了刚1"
				}, {
					"from" : "2.数据库地方及时反馈了就是了1"
				}, {
					"from" : "3.就离开封疆大吏会计分录打开1"
				}, {
					"from" : "4.打击死了卡估计反对方的手1"
				} ],
				"salaryWelfare" : [ {
					"from" : "五险一金，带薪年假1"
				} ],
				"jobCharacteristics" : [ {
					"from" : "最靠谱的公司需要靠谱的你1"
				} ]
			},
			{
				"title" : "[热招]用户运营管理2",
				"subTitle" : "sap移动招聘2",
				"location" : "上海2",
				"salary" : "5k-10k2",
				"time" : "2015-08-272",
				"seen" : "183看过2",
				"jobRequire" : [ {
					"from" : "学历要求：",
					"to" : "大专2"
				}, {
					"from" : "工作经历：",
					"to" : "3年以上2"
				} ],
				"detail" : [ {
					"from" : "1.的萨芬撒地方十大范德萨发大水2"
				}, {
					"from" : "2.的萨芬的萨芬的撒范德萨高等师范打撒2"
				}, {
					"from" : "3.的萨芬打撒发撒撒点粉后来开始2"
				}, {
					"from" : "4.点发红I回家了看了客户的水利科技2"
				} ],
				"requirements" : [ {
					"from" : "1.家里科技股份多了刚2"
				}, {
					"from" : "2.数据库地方及时反馈了就是了2"
				}, {
					"from" : "3.就离开封疆大吏会计分录打开2"
				}, {
					"from" : "4.打击死了卡估计反对方的手2"
				} ],
				"salaryWelfare" : [ {
					"from" : "五险一金，带薪年假2"
				} ],
				"jobCharacteristics" : [ {
					"from" : "最靠谱的公司需要靠谱的你2"
				} ]
			},
			{
				"title" : "[热招]用户运营管理3",
				"subTitle" : "sap移动招聘3",
				"location" : "上海3",
				"salary" : "5k-10k3",
				"time" : "2015-08-273",
				"seen" : "183看过3",
				"jobRequire" : [ {
					"from" : "学历要求：",
					"to" : "大专3"
				}, {
					"from" : "工作经历：",
					"to" : "3年以上3"
				} ],
				"detail" : [ {
					"from" : "1.的萨芬撒地方十大范德萨发大水3"
				}, {
					"from" : "2.的萨芬的萨芬的撒范德萨高等师范打撒3"
				}, {
					"from" : "3.的萨芬打撒发的撒撒点粉后来开始3"
				}, {
					"from" : "4.点发红I回家了客户的水利科技3"
				} ],
				"requirements" : [ {
					"from" : "1.家里科技股份多了刚3"
				}, {
					"from" : "2.数据库地方及时反馈了就是了3"
				}, {
					"from" : "3.就离开封疆大吏会计分录打开3"
				}, {
					"from" : "4.打击死了卡估计反对方的手3"
				} ],
				"salaryWelfare" : [ {
					"from" : "五险一金，带薪年假3"
				} ],
				"jobCharacteristics" : [ {
					"from" : "最靠谱的公司需要靠谱的你3"
				} ]
			},
			{
				"title" : "[热招]用户运营管理4",
				"subTitle" : "sap移动招聘4",
				"location" : "上海4",
				"salary" : "5k-10k4",
				"time" : "2015-08-274",
				"seen" : "183看过4",
				"jobRequire" : [ {
					"from" : "学历要求：",
					"to" : "大专4"
				}, {
					"from" : "工作经历：",
					"to" : "3年以上4"
				} ],
				"detail" : [ {
					"from" : "1.的萨芬撒地方十大范德萨发大水4"
				}, {
					"from" : "2.的萨芬的萨芬的撒范德萨高等师范打撒4"
				}, {
					"from" : "3.的萨芬打撒发的撒撒点粉后来开始4"
				}, {
					"from" : "4.点发红I回家了看打撒恢复了客户的水利科技4"
				} ],
				"requirements" : [ {
					"from" : "1.家里科技股份多了刚4"
				}, {
					"from" : "2.数据库地方及时反馈了就是4"
				}, {
					"from" : "3.就离开封疆大吏会计分录打开4"
				}, {
					"from" : "4.打击死了卡估计反对方的手4"
				} ],
				"salaryWelfare" : [ {
					"from" : "五险一金，带薪年假4"
				} ],
				"jobCharacteristics" : [ {
					"from" : "最靠谱的公司需要靠谱的你4"
				} ]
			} ]
}