{
    "state": {
        "北京": [
            {
                "id": "110000",
                "text": "北京"
            }
        ],
        "天津": [
            {
                "id": "120000",
                "text": "天津"
            }
        ],
        "河北": [
            {
                "id": "130100",
                "text": "石家庄"
            },
            {
                "id": "130200",
                "text": "唐山"
            },
            {
                "id": "130300",
                "text": "秦皇岛"
            },
            {
                "id": "130400",
                "text": "邯郸"
            },
            {
                "id": "130500",
                "text": "邢台"
            },
            {
                "id": "130600",
                "text": "保定"
            },
            {
                "id": "130700",
                "text": "张家口"
            },
            {
                "id": "130800",
                "text": "承德"
            },
            {
                "id": "130900",
                "text": "沧州"
            },
            {
                "id": "131000",
                "text": "廊坊"
            },
            {
                "id": "131100",
                "text": "衡水"
            },
            {
                "id": "131200",
                "text": "辛集"
            },
            {
                "id": "131300",
                "text": "北戴河"
            },
            {
                "id": "131400",
                "text": "涿州"
            }
        ],
        "山西": [
            {
                "id": "140100",
                "text": "太原"
            },
            {
                "id": "140200",
                "text": "大同"
            },
            {
                "id": "140300",
                "text": "阳泉"
            },
            {
                "id": "140400",
                "text": "长治"
            },
            {
                "id": "140500",
                "text": "晋城"
            },
            {
                "id": "140600",
                "text": "朔州"
            },
            {
                "id": "140700",
                "text": "晋中"
            },
            {
                "id": "140800",
                "text": "运城"
            },
            {
                "id": "140900",
                "text": "忻州"
            },
            {
                "id": "141000",
                "text": "临汾"
            },
            {
                "id": "141100",
                "text": "吕梁"
            },
            {
                "id": "141200",
                "text": "榆次"
            },
            {
                "id": "141300",
                "text": "其他"
            }
        ],
        "内蒙古": [
            {
                "id": "150100",
                "text": "呼和浩特"
            },
            {
                "id": "150200",
                "text": "包头"
            },
            {
                "id": "150300",
                "text": "乌海"
            },
            {
                "id": "150400",
                "text": "赤峰"
            },
            {
                "id": "150500",
                "text": "通辽"
            },
            {
                "id": "150600",
                "text": "鄂尔多斯"
            },
            {
                "id": "150700",
                "text": "呼伦贝尔"
            },
            {
                "id": "150800",
                "text": "巴彦淖尔"
            },
            {
                "id": "150900",
                "text": "乌兰察布"
            },
            {
                "id": "152200",
                "text": "兴安"
            },
            {
                "id": "152500",
                "text": "锡林郭勒"
            },
            {
                "id": "152900",
                "text": "阿拉善"
            }
        ],
        "辽宁": [
            {
                "id": "210100",
                "text": "沈阳"
            },
            {
                "id": "210200",
                "text": "大连"
            },
            {
                "id": "210300",
                "text": "鞍山"
            },
            {
                "id": "210400",
                "text": "抚顺"
            },
            {
                "id": "210500",
                "text": "本溪"
            },
            {
                "id": "210600",
                "text": "丹东"
            },
            {
                "id": "210700",
                "text": "锦州"
            },
            {
                "id": "210800",
                "text": "营口"
            },
            {
                "id": "210900",
                "text": "阜新"
            },
            {
                "id": "211000",
                "text": "辽阳"
            },
            {
                "id": "211100",
                "text": "盘锦"
            },
            {
                "id": "211200",
                "text": "铁岭"
            },
            {
                "id": "211300",
                "text": "朝阳"
            },
            {
                "id": "211400",
                "text": "葫芦岛"
            },
            {
                "id": "211500",
                "text": "瓦房店"
            },
            {
                "id": "211600",
                "text": "海城"
            }
        ],
        "吉林": [
            {
                "id": "220100",
                "text": "长春"
            },
            {
                "id": "220200",
                "text": "吉林市"
            },
            {
                "id": "220300",
                "text": "四平"
            },
            {
                "id": "220400",
                "text": "辽源"
            },
            {
                "id": "220500",
                "text": "通化"
            },
            {
                "id": "220600",
                "text": "白山"
            },
            {
                "id": "220700",
                "text": "松原"
            },
            {
                "id": "220800",
                "text": "白城"
            },
            {
                "id": "222400",
                "text": "延边"
            },
            {
                "id": "222500",
                "text": "延吉"
            },
            {
                "id": "222600",
                "text": "梅河口"
            },
            {
                "id": "222700",
                "text": "公主岭"
            }
        ],
        "黑龙江": [
            {
                "id": "230100",
                "text": "哈尔滨"
            },
            {
                "id": "230200",
                "text": "齐齐哈尔"
            },
            {
                "id": "230300",
                "text": "鸡西"
            },
            {
                "id": "230400",
                "text": "鹤岗"
            },
            {
                "id": "230500",
                "text": "双鸭山"
            },
            {
                "id": "230600",
                "text": "大庆"
            },
            {
                "id": "230700",
                "text": "伊春"
            },
            {
                "id": "230800",
                "text": "佳木斯"
            },
            {
                "id": "230900",
                "text": "七台河"
            },
            {
                "id": "231000",
                "text": "牡丹江"
            },
            {
                "id": "231100",
                "text": "黑河"
            },
            {
                "id": "231200",
                "text": "绥化"
            },
            {
                "id": "232700",
                "text": "大兴安岭"
            },
            {
                "id": "232900",
                "text": "加格达奇"
            }
        ],
        "上海": [
            {
                "id": "310000",
                "text": "上海"
            }
        ],
        "江苏": [
            {
                "id": "320100",
                "text": "南京"
            },
            {
                "id": "320200",
                "text": "无锡"
            },
            {
                "id": "320300",
                "text": "徐州"
            },
            {
                "id": "320400",
                "text": "常州"
            },
            {
                "id": "320500",
                "text": "苏州"
            },
            {
                "id": "320600",
                "text": "南通"
            },
            {
                "id": "320700",
                "text": "连云港"
            },
            {
                "id": "320800",
                "text": "淮安"
            },
            {
                "id": "320900",
                "text": "盐城"
            },
            {
                "id": "321000",
                "text": "扬州"
            },
            {
                "id": "321100",
                "text": "镇江"
            },
            {
                "id": "321200",
                "text": "泰州"
            },
            {
                "id": "321300",
                "text": "宿迁"
            },
            {
                "id": "321400",
                "text": "常熟"
            },
            {
                "id": "321500",
                "text": "昆山"
            },
            {
                "id": "321600",
                "text": "淮阴"
            },
            {
                "id": "321800",
                "text": "太仓"
            },
            {
                "id": "321900",
                "text": "吴江"
            },
            {
                "id": "322000",
                "text": "张家港"
            },
            {
                "id": "322100",
                "text": "江阴"
            },
            {
                "id": "322200",
                "text": "丹阳"
            },
            {
                "id": "322300",
                "text": "泰兴"
            },
            {
                "id": "322400",
                "text": "溧阳"
            },
            {
                "id": "329900",
                "text": "其他"
            }
        ],
        "浙江": [
            {
                "id": "330100",
                "text": "杭州"
            },
            {
                "id": "330200",
                "text": "宁波"
            },
            {
                "id": "330300",
                "text": "温州"
            },
            {
                "id": "330400",
                "text": "嘉兴"
            },
            {
                "id": "330500",
                "text": "湖州"
            },
            {
                "id": "330600",
                "text": "绍兴"
            },
            {
                "id": "330700",
                "text": "金华"
            },
            {
                "id": "330800",
                "text": "衢州"
            },
            {
                "id": "330900",
                "text": "舟山"
            },
            {
                "id": "331000",
                "text": "台州"
            },
            {
                "id": "331100",
                "text": "丽水"
            },
            {
                "id": "331200",
                "text": "慈溪"
            },
            {
                "id": "331300",
                "text": "萧山"
            },
            {
                "id": "331400",
                "text": "海宁"
            },
            {
                "id": "331500",
                "text": "义乌"
            },
            {
                "id": "331600",
                "text": "余姚"
            }
        ],
        "安徽": [
            {
                "id": "340100",
                "text": "合肥"
            },
            {
                "id": "340200",
                "text": "芜湖"
            },
            {
                "id": "340300",
                "text": "蚌埠"
            },
            {
                "id": "340400",
                "text": "淮南"
            },
            {
                "id": "340500",
                "text": "马鞍山"
            },
            {
                "id": "340600",
                "text": "淮北"
            },
            {
                "id": "340700",
                "text": "铜陵"
            },
            {
                "id": "340800",
                "text": "安庆"
            },
            {
                "id": "341000",
                "text": "黄山"
            },
            {
                "id": "341100",
                "text": "滁州"
            },
            {
                "id": "341200",
                "text": "阜阳"
            },
            {
                "id": "341300",
                "text": "宿州"
            },
            {
                "id": "341400",
                "text": "巢湖"
            },
            {
                "id": "341500",
                "text": "六安"
            },
            {
                "id": "341600",
                "text": "亳州"
            },
            {
                "id": "341700",
                "text": "池州"
            },
            {
                "id": "341800",
                "text": "宣城"
            },
            {
                "id": "341900",
                "text": "宁国"
            }
        ],
        "福建": [
            {
                "id": "350100",
                "text": "福州"
            },
            {
                "id": "350200",
                "text": "厦门"
            },
            {
                "id": "350300",
                "text": "莆田"
            },
            {
                "id": "350400",
                "text": "三明"
            },
            {
                "id": "350500",
                "text": "泉州"
            },
            {
                "id": "350600",
                "text": "漳州"
            },
            {
                "id": "350700",
                "text": "南平"
            },
            {
                "id": "350800",
                "text": "龙岩"
            },
            {
                "id": "350900",
                "text": "宁德"
            },
            {
                "id": "351000",
                "text": "石狮"
            }
        ],
        "江西": [
            {
                "id": "360100",
                "text": "南昌"
            },
            {
                "id": "360200",
                "text": "景德镇"
            },
            {
                "id": "360300",
                "text": "萍乡"
            },
            {
                "id": "360400",
                "text": "九江"
            },
            {
                "id": "360500",
                "text": "新余"
            },
            {
                "id": "360600",
                "text": "鹰潭"
            },
            {
                "id": "360700",
                "text": "赣州"
            },
            {
                "id": "360800",
                "text": "吉安"
            },
            {
                "id": "360900",
                "text": "宜春"
            },
            {
                "id": "361000",
                "text": "抚州"
            },
            {
                "id": "361100",
                "text": "上饶"
            },
            {
                "id": "361200",
                "text": "庐山"
            },
            {
                "id": "361300",
                "text": "井冈山"
            }
        ],
        "山东": [
            {
                "id": "370100",
                "text": "济南"
            },
            {
                "id": "370200",
                "text": "青岛"
            },
            {
                "id": "370300",
                "text": "淄博"
            },
            {
                "id": "370400",
                "text": "枣庄"
            },
            {
                "id": "370500",
                "text": "东营"
            },
            {
                "id": "370600",
                "text": "烟台"
            },
            {
                "id": "370700",
                "text": "潍坊"
            },
            {
                "id": "370800",
                "text": "济宁"
            },
            {
                "id": "370900",
                "text": "泰安"
            },
            {
                "id": "371000",
                "text": "威海"
            },
            {
                "id": "371100",
                "text": "日照"
            },
            {
                "id": "371200",
                "text": "莱芜"
            },
            {
                "id": "371300",
                "text": "临沂"
            },
            {
                "id": "371400",
                "text": "德州"
            },
            {
                "id": "371500",
                "text": "聊城"
            },
            {
                "id": "371600",
                "text": "滨州"
            },
            {
                "id": "371700",
                "text": "菏泽"
            },
            {
                "id": "371800",
                "text": "青州"
            },
            {
                "id": "371900",
                "text": "曲阜"
            }
        ],
        "河南": [
            {
                "id": "410100",
                "text": "郑州"
            },
            {
                "id": "410200",
                "text": "开封"
            },
            {
                "id": "410300",
                "text": "洛阳"
            },
            {
                "id": "410400",
                "text": "平顶山"
            },
            {
                "id": "410500",
                "text": "安阳"
            },
            {
                "id": "410600",
                "text": "鹤壁"
            },
            {
                "id": "410700",
                "text": "新乡"
            },
            {
                "id": "410800",
                "text": "焦作"
            },
            {
                "id": "410900",
                "text": "濮阳"
            },
            {
                "id": "411000",
                "text": "许昌"
            },
            {
                "id": "411100",
                "text": "漯河"
            },
            {
                "id": "411200",
                "text": "三门峡"
            },
            {
                "id": "411300",
                "text": "南阳"
            },
            {
                "id": "411400",
                "text": "商丘"
            },
            {
                "id": "411500",
                "text": "信阳"
            },
            {
                "id": "411600",
                "text": "周口"
            },
            {
                "id": "411700",
                "text": "驻马店"
            },
            {
                "id": "419000",
                "text": "济源"
            }
        ],
        "湖北": [
            {
                "id": "420100",
                "text": "武汉"
            },
            {
                "id": "420200",
                "text": "黄石"
            },
            {
                "id": "420300",
                "text": "十堰"
            },
            {
                "id": "420500",
                "text": "宜昌"
            },
            {
                "id": "420600",
                "text": "襄阳"
            },
            {
                "id": "420700",
                "text": "鄂州"
            },
            {
                "id": "420800",
                "text": "荆门"
            },
            {
                "id": "420900",
                "text": "孝感"
            },
            {
                "id": "421000",
                "text": "荆州"
            },
            {
                "id": "421100",
                "text": "黄冈"
            },
            {
                "id": "421200",
                "text": "咸宁"
            },
            {
                "id": "421300",
                "text": "随州"
            },
            {
                "id": "422800",
                "text": "恩施"
            },
            {
                "id": "422900",
                "text": "仙桃"
            },
            {
                "id": "423000",
                "text": "潜江"
            },
            {
                "id": "423100",
                "text": "天门"
            },
            {
                "id": "423200",
                "text": "神龙架"
            },
            {
                "id": "423300",
                "text": "其他"
            }
        ],
        "湖南": [
            {
                "id": "430100",
                "text": "长沙"
            },
            {
                "id": "430200",
                "text": "株洲"
            },
            {
                "id": "430300",
                "text": "湘潭"
            },
            {
                "id": "430400",
                "text": "衡阳"
            },
            {
                "id": "430500",
                "text": "邵阳"
            },
            {
                "id": "430600",
                "text": "岳阳"
            },
            {
                "id": "430700",
                "text": "常德"
            },
            {
                "id": "430800",
                "text": "张家界"
            },
            {
                "id": "430900",
                "text": "益阳"
            },
            {
                "id": "431000",
                "text": "郴州"
            },
            {
                "id": "431100",
                "text": "永州"
            },
            {
                "id": "431200",
                "text": "怀化"
            },
            {
                "id": "431300",
                "text": "娄底"
            },
            {
                "id": "433100",
                "text": "湘西"
            },
            {
                "id": "433200",
                "text": "吉首"
            },
            {
                "id": "433300",
                "text": "绥宁"
            }
        ],
        "广东": [
            {
                "id": "440100",
                "text": "广州"
            },
            {
                "id": "440200",
                "text": "韶关"
            },
            {
                "id": "440300",
                "text": "深圳"
            },
            {
                "id": "440400",
                "text": "珠海"
            },
            {
                "id": "440500",
                "text": "汕头"
            },
            {
                "id": "440600",
                "text": "佛山"
            },
            {
                "id": "440700",
                "text": "江门"
            },
            {
                "id": "440800",
                "text": "湛江"
            },
            {
                "id": "440900",
                "text": "茂名"
            },
            {
                "id": "441200",
                "text": "肇庆"
            },
            {
                "id": "441300",
                "text": "惠州"
            },
            {
                "id": "441400",
                "text": "梅州"
            },
            {
                "id": "441500",
                "text": "汕尾"
            },
            {
                "id": "441600",
                "text": "河源"
            },
            {
                "id": "441700",
                "text": "阳江"
            },
            {
                "id": "441800",
                "text": "清远"
            },
            {
                "id": "441900",
                "text": "东莞"
            },
            {
                "id": "442000",
                "text": "中山"
            },
            {
                "id": "445100",
                "text": "潮州"
            },
            {
                "id": "445200",
                "text": "揭阳"
            },
            {
                "id": "445300",
                "text": "云浮"
            },
            {
                "id": "445400",
                "text": "顺德"
            },
            {
                "id": "445500",
                "text": "从化"
            },
            {
                "id": "445600",
                "text": "开平"
            },
            {
                "id": "445700",
                "text": "南海"
            },
            {
                "id": "445800",
                "text": "新会"
            },
            {
                "id": "445900",
                "text": "增城"
            },
            {
                "id": "446000",
                "text": "其他"
            }
        ],
        "广西": [
            {
                "id": "450100",
                "text": "南宁"
            },
            {
                "id": "450200",
                "text": "柳州"
            },
            {
                "id": "450300",
                "text": "桂林"
            },
            {
                "id": "450400",
                "text": "梧州"
            },
            {
                "id": "450500",
                "text": "北海"
            },
            {
                "id": "450600",
                "text": "防城港"
            },
            {
                "id": "450700",
                "text": "钦州"
            },
            {
                "id": "450800",
                "text": "贵港"
            },
            {
                "id": "450900",
                "text": "玉林"
            },
            {
                "id": "451000",
                "text": "百色"
            },
            {
                "id": "451100",
                "text": "贺州"
            },
            {
                "id": "451200",
                "text": "河池"
            },
            {
                "id": "451300",
                "text": "来宾"
            },
            {
                "id": "451400",
                "text": "崇左"
            }
        ],
        "海南": [
            {
                "id": "460100",
                "text": "海口"
            },
            {
                "id": "460200",
                "text": "三亚"
            },
            {
                "id": "460300",
                "text": "五指山"
            },
            {
                "id": "460400",
                "text": "琼海"
            },
            {
                "id": "460500",
                "text": "儋州"
            },
            {
                "id": "469100",
                "text": "文昌"
            },
            {
                "id": "469200",
                "text": "万宁"
            },
            {
                "id": "469300",
                "text": "东方"
            }
        ],
        "重庆": [
            {
                "id": "500000",
                "text": "重庆"
            }
        ],
        "四川": [
            {
                "id": "510100",
                "text": "成都"
            },
            {
                "id": "510300",
                "text": "自贡"
            },
            {
                "id": "510400",
                "text": "攀枝花"
            },
            {
                "id": "510500",
                "text": "泸州"
            },
            {
                "id": "510600",
                "text": "德阳"
            },
            {
                "id": "510700",
                "text": "绵阳"
            },
            {
                "id": "510800",
                "text": "广元"
            },
            {
                "id": "510900",
                "text": "遂宁"
            },
            {
                "id": "511000",
                "text": "内江"
            },
            {
                "id": "511100",
                "text": "乐山"
            },
            {
                "id": "511300",
                "text": "南充"
            },
            {
                "id": "511400",
                "text": "眉山"
            },
            {
                "id": "511500",
                "text": "宜宾"
            },
            {
                "id": "511600",
                "text": "广安"
            },
            {
                "id": "511700",
                "text": "达州"
            },
            {
                "id": "511800",
                "text": "雅安"
            },
            {
                "id": "511900",
                "text": "巴中"
            },
            {
                "id": "512000",
                "text": "资阳"
            },
            {
                "id": "513200",
                "text": "阿坝"
            },
            {
                "id": "513300",
                "text": "甘孜"
            },
            {
                "id": "513400",
                "text": "凉山"
            }
        ],
        "贵州": [
            {
                "id": "520100",
                "text": "贵阳"
            },
            {
                "id": "520200",
                "text": "六盘水"
            },
            {
                "id": "520300",
                "text": "遵义"
            },
            {
                "id": "520400",
                "text": "安顺"
            },
            {
                "id": "522200",
                "text": "铜仁"
            },
            {
                "id": "522300",
                "text": "黔西南"
            },
            {
                "id": "522400",
                "text": "毕节"
            },
            {
                "id": "522600",
                "text": "黔东南"
            },
            {
                "id": "522700",
                "text": "黔南"
            },
            {
                "id": "522800",
                "text": "都匀"
            },
            {
                "id": "522900",
                "text": "兴义"
            },
            {
                "id": "523000",
                "text": "凯里"
            }
        ],
        "云南": [
            {
                "id": "530100",
                "text": "昆明"
            },
            {
                "id": "530300",
                "text": "曲靖"
            },
            {
                "id": "530400",
                "text": "玉溪"
            },
            {
                "id": "530500",
                "text": "保山"
            },
            {
                "id": "530600",
                "text": "昭通"
            },
            {
                "id": "530700",
                "text": "丽江"
            },
            {
                "id": "530800",
                "text": "普洱"
            },
            {
                "id": "530900",
                "text": "临沧"
            },
            {
                "id": "532300",
                "text": "楚雄"
            },
            {
                "id": "532500",
                "text": "红河"
            },
            {
                "id": "532600",
                "text": "文山"
            },
            {
                "id": "532800",
                "text": "西双版纳"
            },
            {
                "id": "532900",
                "text": "大理"
            },
            {
                "id": "533100",
                "text": "德宏"
            },
            {
                "id": "533300",
                "text": "怒江"
            },
            {
                "id": "533400",
                "text": "迪庆"
            },
            {
                "id": "533500",
                "text": "景洪"
            },
            {
                "id": "533600",
                "text": "思茅"
            },
            {
                "id": "533700",
                "text": "蒙自"
            }
        ],
        "西藏": [
            {
                "id": "540100",
                "text": "拉萨"
            },
            {
                "id": "542100",
                "text": "昌都"
            },
            {
                "id": "542200",
                "text": "山南"
            },
            {
                "id": "542300",
                "text": "日喀则"
            },
            {
                "id": "542400",
                "text": "那曲"
            },
            {
                "id": "542500",
                "text": "阿里"
            },
            {
                "id": "542600",
                "text": "林芝"
            }
        ],
        "陕西": [
            {
                "id": "610100",
                "text": "西安"
            },
            {
                "id": "610200",
                "text": "铜川"
            },
            {
                "id": "610300",
                "text": "宝鸡"
            },
            {
                "id": "610400",
                "text": "咸阳"
            },
            {
                "id": "610500",
                "text": "渭南"
            },
            {
                "id": "610600",
                "text": "延安"
            },
            {
                "id": "610700",
                "text": "汉中"
            },
            {
                "id": "610800",
                "text": "榆林"
            },
            {
                "id": "610900",
                "text": "安康"
            },
            {
                "id": "611000",
                "text": "商洛"
            }
        ],
        "甘肃": [
            {
                "id": "620100",
                "text": "兰州"
            },
            {
                "id": "620200",
                "text": "嘉峪关"
            },
            {
                "id": "620300",
                "text": "金昌"
            },
            {
                "id": "620400",
                "text": "白银"
            },
            {
                "id": "620500",
                "text": "天水"
            },
            {
                "id": "620600",
                "text": "武威"
            },
            {
                "id": "620700",
                "text": "张掖"
            },
            {
                "id": "620800",
                "text": "平凉"
            },
            {
                "id": "620900",
                "text": "酒泉"
            },
            {
                "id": "621000",
                "text": "庆阳"
            },
            {
                "id": "621100",
                "text": "定西"
            },
            {
                "id": "621200",
                "text": "陇南"
            },
            {
                "id": "622900",
                "text": "临夏"
            },
            {
                "id": "623000",
                "text": "甘南"
            }
        ],
        "青海": [
            {
                "id": "630100",
                "text": "西宁"
            },
            {
                "id": "632100",
                "text": "海东"
            },
            {
                "id": "632200",
                "text": "海北"
            },
            {
                "id": "632300",
                "text": "黄南"
            },
            {
                "id": "632500",
                "text": "海南州"
            },
            {
                "id": "632600",
                "text": "果洛"
            },
            {
                "id": "632700",
                "text": "玉树"
            },
            {
                "id": "632800",
                "text": "海西"
            }
        ],
        "宁夏": [
            {
                "id": "640100",
                "text": "银川"
            },
            {
                "id": "640200",
                "text": "石嘴山"
            },
            {
                "id": "640300",
                "text": "吴忠"
            },
            {
                "id": "640400",
                "text": "固原"
            },
            {
                "id": "640500",
                "text": "中卫"
            }
        ],
        "新疆": [
            {
                "id": "650100",
                "text": "乌鲁木齐"
            },
            {
                "id": "650200",
                "text": "克拉玛依"
            },
            {
                "id": "652100",
                "text": "吐鲁番"
            },
            {
                "id": "652200",
                "text": "哈密"
            },
            {
                "id": "652300",
                "text": "昌吉"
            },
            {
                "id": "652700",
                "text": "博尔塔拉"
            },
            {
                "id": "652800",
                "text": "巴音郭楞"
            },
            {
                "id": "652900",
                "text": "阿克苏"
            },
            {
                "id": "653000",
                "text": "克孜勒苏"
            },
            {
                "id": "653100",
                "text": "喀什"
            },
            {
                "id": "653200",
                "text": "和田"
            },
            {
                "id": "654000",
                "text": "伊犁"
            },
            {
                "id": "654200",
                "text": "塔城"
            },
            {
                "id": "654300",
                "text": "阿勒泰"
            },
            {
                "id": "659100",
                "text": "石河子"
            },
            {
                "id": "659200",
                "text": "阿拉尔"
            },
            {
                "id": "659300",
                "text": "图木舒克"
            },
            {
                "id": "659400",
                "text": "五家渠"
            }
        ]
    }
}