<?xml version="1.0" encoding="UTF-8"?>
<beans xmlns="http://www.springframework.org/schema/beans"
	xmlns:xsi="http://www.w3.org/2001/XMLSchema-instance" xmlns:p="http://www.springframework.org/schema/p"
	xmlns:aop="http://www.springframework.org/schema/aop" xmlns:context="http://www.springframework.org/schema/context"
	xmlns:jee="http://www.springframework.org/schema/jee" xmlns:tx="http://www.springframework.org/schema/tx"
	xmlns:mvc="http://www.springframework.org/schema/mvc"
	xsi:schemaLocation="
        http://www.springframework.org/schema/aop http://www.springframework.org/schema/aop/spring-aop-4.0.xsd
        http://www.springframework.org/schema/beans http://www.springframework.org/schema/beans/spring-beans-4.0.xsd
        http://www.springframework.org/schema/context http://www.springframework.org/schema/context/spring-context-4.0.xsd
        http://www.springframework.org/schema/jee http://www.springframework.org/schema/jee/spring-jee-4.0.xsd
        http://www.springframework.org/schema/tx http://www.springframework.org/schema/tx/spring-tx-4.0.xsd
        http://www.springframework.org/schema/mvc http://www.springframework.org/schema/mvc/spring-mvc-4.0.xsd">

	<context:component-scan base-package="com.sap.hcm.resume.collection">
		<context:exclude-filter type="annotation"
			expression="org.springframework.stereotype.Controller" />
	</context:component-scan>

	<context:annotation-config />

	<context:mbean-export />

	<tx:annotation-driven transaction-manager="transactionManager" />

	<!-- support hcp database JNDI -->
	<jee:jndi-lookup id="dataSource" jndi-name="java:comp/env/jdbc/DefaultDB" />

	<jee:jndi-lookup id="connectivityConfiguration"
		expected-type="com.sap.core.connectivity.api.configuration.ConnectivityConfiguration"
		jndi-name="java:comp/env/connectivityConfiguration" />

	<jee:jndi-lookup id="tenantContext"
		expected-type="com.sap.cloud.account.TenantContext" jndi-name="java:comp/env/TenantContext" />

	<jee:jndi-lookup id="userProvider"
		expected-type="com.sap.security.um.user.UserProvider" jndi-name="java:comp/env/user/Provider" />

	<bean id="transactionManager" class="org.springframework.orm.jpa.JpaTransactionManager">
		<property name="entityManagerFactory" ref="entityManagerFactory" />
		<property name="jpaDialect" ref="jpaDialect" />
	</bean>

	<bean id="entityManagerFactory"
		class="org.springframework.orm.jpa.LocalContainerEntityManagerFactoryBean">
		<property name="dataSource" ref="dataSource" />
		<property name="jpaVendorAdapter" ref="jpaVendorAdapter" />
		<property name="jpaDialect" ref="jpaDialect" />
		<property name="jpaProperties">
			<props>
				<prop key="eclipselink.ddl-generation">create-or-extend-tables</prop>
				<prop key="eclipselink.logging.level">INFO</prop>
				<prop key="eclipselink.logging.level.sql">INFO</prop>
				<prop key="eclipselink.logging.exceptions">true</prop>
				<prop key="eclipselink.weaving">false</prop>
				<prop key="eclipselink.deploy-on-startup">true</prop>
			</props>
		</property>
		<property name="packagesToScan">
			<list>
				<value>com.sap.hcm.resume.collection.entity</value>
				<value>com.sap.hcm.resume.collection.integration.wechat.entity
				</value>
				<value>com.sap.hcm.resume.collection.integration.sf.entity</value>
			</list>
		</property>
	</bean>

	<bean id="jpaVendorAdapter"
		class="org.springframework.orm.jpa.vendor.EclipseLinkJpaVendorAdapter">
		<property name="generateDdl" value="false" />
	</bean>

	<bean id="jpaDialect"
		class="org.springframework.orm.jpa.vendor.EclipseLinkJpaDialect" />


	<tx:advice id="txAdvice" transaction-manager="transactionManager">
		<tx:attributes>
			<tx:method name="get*" propagation="NOT_SUPPORTED"
				read-only="true" />
			<tx:method name="count*" propagation="NOT_SUPPORTED"
				read-only="true" />
			<tx:method name="find*" propagation="NOT_SUPPORTED"
				read-only="true" />
			<tx:method name="query*" propagation="NOT_SUPPORTED"
				read-only="true" />
			<tx:method name="save*" propagation="REQUIRED"
				rollback-for="Exception" />
			<tx:method name="modify*" propagation="REQUIRED"
				rollback-for="Exception" />
			<tx:method name="delete*" propagation="REQUIRED"
				rollback-for="Exception" />
		</tx:attributes>
	</tx:advice>

	<aop:config>
		<aop:pointcut id="txPointcut"
			expression="execution(* com.sap.hcm.resume..service.*.*(..))" />
		<aop:advisor advice-ref="txAdvice" pointcut-ref="txPointcut" />
	</aop:config>

	<bean id="messageSource"
		class="org.springframework.context.support.ReloadableResourceBundleMessageSource">
		<property name="basenames">
			<list>
				<value>/static/i18n/i18n</value>
				<value>/static/i18n/wechat/i18n</value>
			</list>
		</property>
		<property name="defaultEncoding" value="UTF-8" />
	</bean>

</beans>